{
  "resources": [
    "sfx.mp3",
    "sfx.ogg"
  ],
  "spritemap": {
    "death": {
      "start": 0,
      "end": 0.4561451247165533,
      "loop": false
    },
    "enemykill": {
      "start": 2,
      "end": 2.1782993197278913,
      "loop": false
    },
    "enemyshot": {
      "start": 4,
      "end": 4.146961451247165,
      "loop": false
    },
    "enemyloop": {
      "start": 6,
      "end": 6.463333333333333,
      "loop": false
    },
    "foley": {
      "start": 8,
      "end": 8.228027210884354,
      "loop": false
    },
    "jump": {
      "start": 10,
      "end": 10.252539682539682,
      "loop": false
    },
    "shoot": {
      "start": 12,
      "end": 12.370929705215419,
      "loop": false
    },
    "starget": {
      "start": 14,
      "end": 14.333628117913833,
      "loop": false
    },
    "pause": {
      "start": 16,
      "end": 16.512585034013604,
      "loop": false
    }
  }
}