{
  "resources": [
    "sfx.mp3",
    "sfx.ogg"
  ],
  "spritemap": {
    "death": {
      "start": 0,
      "end": 0.4561451247165533,
      "loop": false
    },
    "disc": {
      "start": 2,
      "end": 2.4928344671201814,
      "loop": false
    },
    "enemykill": {
      "start": 4,
      "end": 4.178299319727891,
      "loop": false
    },
    "enemyloop": {
      "start": 6,
      "end": 6.463333333333333,
      "loop": false
    },
    "enemyshot": {
      "start": 8,
      "end": 8.146961451247165,
      "loop": false
    },
    "flamethrower": {
      "start": 10,
      "end": 10.337301587301587,
      "loop": false
    },
    "foley": {
      "start": 12,
      "end": 12.228027210884354,
      "loop": false
    },
    "jump": {
      "start": 14,
      "end": 14.252539682539682,
      "loop": false
    },
    "laser1": {
      "start": 16,
      "end": 17.042789115646258,
      "loop": false
    },
    "laser2": {
      "start": 19,
      "end": 22.341814058956917,
      "loop": false
    },
    "pause": {
      "start": 24,
      "end": 24.512585034013604,
      "loop": false
    },
    "pistolshoot": {
      "start": 26,
      "end": 26.29108843537415,
      "loop": false
    },
    "revolvershoot": {
      "start": 28,
      "end": 28.29108843537415,
      "loop": false
    },
    "shoot": {
      "start": 30,
      "end": 30.37092970521542,
      "loop": false
    },
    "shotgunreload": {
      "start": 32,
      "end": 32.3634693877551,
      "loop": false
    },
    "shotgunreload2": {
      "start": 34,
      "end": 34.27428571428572,
      "loop": false
    },
    "starget_alt": {
      "start": 36,
      "end": 37.02827664399093,
      "loop": false
    },
    "starget": {
      "start": 39,
      "end": 39.33362811791383,
      "loop": false
    },
    "walk": {
      "start": 41,
      "end": 41.11501133786848,
      "loop": false
    }
  }
}