{
  "resources": [
    "sfx.mp3",
    "sfx.ogg"
  ],
  "spritemap": {
    "death": {
      "start": 0,
      "end": 0.4561451247165533,
      "loop": false
    },
    "enemykill": {
      "start": 2,
      "end": 2.1782993197278913,
      "loop": false
    },
    "enemyloop": {
      "start": 4,
      "end": 4.463333333333333,
      "loop": false
    },
    "enemyshot": {
      "start": 6,
      "end": 6.146961451247165,
      "loop": false
    },
    "foley": {
      "start": 8,
      "end": 8.228027210884354,
      "loop": false
    },
    "jump": {
      "start": 10,
      "end": 10.252539682539682,
      "loop": false
    },
    "pause": {
      "start": 12,
      "end": 12.512585034013606,
      "loop": false
    },
    "pistolshoot": {
      "start": 14,
      "end": 14.29108843537415,
      "loop": false
    },
    "revolvershoot": {
      "start": 16,
      "end": 16.29108843537415,
      "loop": false
    },
    "shoot": {
      "start": 18,
      "end": 18.37092970521542,
      "loop": false
    },
    "shotgunreload": {
      "start": 20,
      "end": 20.363469387755103,
      "loop": false
    },
    "shotgunreload2": {
      "start": 22,
      "end": 22.274285714285714,
      "loop": false
    },
    "starget_alt": {
      "start": 24,
      "end": 25.028276643990928,
      "loop": false
    },
    "starget": {
      "start": 27,
      "end": 27.333628117913833,
      "loop": false
    },
    "walk": {
      "start": 29,
      "end": 29.11501133786848,
      "loop": false
    }
  }
}